"Blog","Blog"
"Posts","Posts"
"Categories","Categories"
"Tags","Tags"
"Authors","Authors"
"Comments","Comments"
"Configuration","Configuration"
"Add New Post","Add New Post"
"Title","Title"
"URL Key","URL Key"
"Status","Status"
"Published","Published"
"Draft","Draft"
"Scheduled","Scheduled"
"Archived","Archived"
"Views","Views"
"Author","Author"
"Category","Category"
"Tag","Tag"
"Featured","Featured"
"Featured Image","Featured Image"
"Short Description","Short Description"
"Content","Content"
"Meta Title","Meta Title"
"Meta Description","Meta Description"
"Meta Keywords","Meta Keywords"
"Canonical URL","Canonical URL"
"OG Image","OG Image"
"TL;DR Summary","TL;DR Summary"
"Citation List","Citation List"
"Reading time","Reading time"
"min read","min read"
"On this page","On this page"
"Quick answer","Quick answer"
"Related posts","Related posts"
"References","References"
"Search","Search"
"Search results for","Search results for"
"No posts yet.","No posts yet."
"Recent","Recent"
"Tag cloud","Tag cloud"
"Pagination","Pagination"
"Prev","Prev"
"Next","Next"
"Page %1 of %2","Page %1 of %2"
"Enabled","Enabled"
